[
  {
    "id": "272cc723-7ca1-43d4-b0a7-22fc57617f3a",
    "data": [
      {
        "text": "search articles",
        "userDefined": false
      }
    ],
    "isTemplate": false,
    "count": 0,
    "updated": 1535979334
  },
  {
    "id": "5be7719e-cb3b-4641-ac83-e55da4a34989",
    "data": [
      {
        "text": "search",
        "userDefined": false
      }
    ],
    "isTemplate": false,
    "count": 0,
    "updated": 1535979334
  },
  {
    "id": "3fe65e9c-e819-4feb-90cb-8f56cd31030b",
    "data": [
      {
        "text": "search article",
        "userDefined": false
      }
    ],
    "isTemplate": false,
    "count": 0,
    "updated": 1535979334
  },
  {
    "id": "659e2375-80c0-4bb3-b02d-9ce623bde36d",
    "data": [
      {
        "text": "Want to know",
        "userDefined": false
      }
    ],
    "isTemplate": false,
    "count": 0,
    "updated": 1535979334
  },
  {
    "id": "cf0197e8-85ed-4070-8123-ea4b9034669e",
    "data": [
      {
        "text": "articles",
        "userDefined": false
      }
    ],
    "isTemplate": false,
    "count": 0,
    "updated": 1535979334
  }
]