[
  {
    "id": "23d49a76-dd36-4e28-96a4-d337a3a378e0",
    "data": [
      {
        "text": "refund",
        "userDefined": false
      }
    ],
    "isTemplate": false,
    "count": 0,
    "updated": 1539890452
  },
  {
    "id": "68ec3dc0-306f-4e52-93ec-26e7bfac09a2",
    "data": [
      {
        "text": "refind request",
        "userDefined": false
      }
    ],
    "isTemplate": false,
    "count": 0,
    "updated": 1539890452
  },
  {
    "id": "e59b37d5-6335-40ef-889d-685556b1b7af",
    "data": [
      {
        "text": "What is your refund policy?",
        "userDefined": false
      }
    ],
    "isTemplate": false,
    "count": 0,
    "updated": 1539890452
  },
  {
    "id": "4968f4ca-b5c3-4bce-b508-0589cf48eafc",
    "data": [
      {
        "text": "give me refund",
        "userDefined": false
      }
    ],
    "isTemplate": false,
    "count": 0,
    "updated": 1539890452
  },
  {
    "id": "3ff8240b-5db3-4879-809d-56a12ee715ef",
    "data": [
      {
        "text": "I need refund",
        "userDefined": false
      }
    ],
    "isTemplate": false,
    "count": 0,
    "updated": 1539890452
  },
  {
    "id": "fe536236-2240-4172-b7cd-6a6a1802b211",
    "data": [
      {
        "text": "How do I get a refund?",
        "userDefined": false
      }
    ],
    "isTemplate": false,
    "count": 0,
    "updated": 1539890452
  }
]