[
  {
    "id": "0081af3c-f403-445c-b6a9-9b4cfc743d2f",
    "data": [
      {
        "text": "What is the cost?",
        "userDefined": false
      }
    ],
    "isTemplate": false,
    "count": 0,
    "updated": 1538048904
  },
  {
    "id": "1b041959-4a5f-4831-84c5-61a4093f366f",
    "data": [
      {
        "text": "How much Slider Hero Costs?",
        "userDefined": false
      }
    ],
    "isTemplate": false,
    "count": 0,
    "updated": 1538048904
  },
  {
    "id": "745fbf8a-1ba3-473c-a368-fdbfad3ccbc1",
    "data": [
      {
        "text": "How much your plugin costs?",
        "userDefined": false
      }
    ],
    "isTemplate": false,
    "count": 0,
    "updated": 1538038838
  },
  {
    "id": "8dc7e7d0-20f0-4d87-8d2d-bcd99f9f2eb7",
    "data": [
      {
        "text": "How much WoowBot Cost?",
        "userDefined": false
      }
    ],
    "isTemplate": false,
    "count": 0,
    "updated": 1538048904
  },
  {
    "id": "8614667f-39e5-46f9-8a53-0b8c43d97eb7",
    "data": [
      {
        "text": "How much Simple Link Directory Costs?",
        "userDefined": false
      }
    ],
    "isTemplate": false,
    "count": 0,
    "updated": 1538048904
  },
  {
    "id": "8b981574-6926-4421-98ef-3248de61c32a",
    "data": [
      {
        "text": "How much WP Bot Cost?",
        "userDefined": false
      }
    ],
    "isTemplate": false,
    "count": 0,
    "updated": 1538048904
  },
  {
    "id": "9e95d7c6-38e9-405f-90ff-cb2dc5f266f5",
    "data": [
      {
        "text": "How much Simple Business Directory Costs?",
        "userDefined": false
      }
    ],
    "isTemplate": false,
    "count": 0,
    "updated": 1538048904
  }
]