[
  {
    "id": "0622afdd-f5a7-4dc6-bf73-22bef122fa27",
    "data": [
      {
        "text": "reset",
        "userDefined": false
      }
    ],
    "isTemplate": false,
    "count": 0,
    "updated": 1531140811
  },
  {
    "id": "92758ba3-1010-486f-ab1a-81934dd5caec",
    "data": [
      {
        "text": "clear",
        "userDefined": false
      }
    ],
    "isTemplate": false,
    "count": 0,
    "updated": 1531140811
  },
  {
    "id": "e52f45c0-885e-40c7-9542-7ce49c10b685",
    "data": [
      {
        "text": "fix",
        "userDefined": false
      }
    ],
    "isTemplate": false,
    "count": 0,
    "updated": 1531140811
  },
  {
    "id": "91184f9c-7585-4616-ab39-b2767399efe6",
    "data": [
      {
        "text": "clear all",
        "userDefined": false
      }
    ],
    "isTemplate": false,
    "count": 0,
    "updated": 1531140811
  }
]