[
  {
    "id": "209f9520-82a5-40bc-827a-c395e3d8d72d",
    "data": [
      {
        "text": "restart",
        "userDefined": false
      }
    ],
    "isTemplate": false,
    "count": 0,
    "updated": 1531140741
  },
  {
    "id": "4ec9b9f5-e899-48d7-9d7a-b3a4b61dda79",
    "data": [
      {
        "text": "go",
        "userDefined": false
      }
    ],
    "isTemplate": false,
    "count": 0,
    "updated": 1531140741
  },
  {
    "id": "bffb4f17-1641-40cd-9979-9d5711c49860",
    "data": [
      {
        "text": "initiate",
        "userDefined": false
      }
    ],
    "isTemplate": false,
    "count": 0,
    "updated": 1531140741
  },
  {
    "id": "ab187a8a-c5bd-455d-a57b-c0a458057fc8",
    "data": [
      {
        "text": "begin",
        "userDefined": false
      }
    ],
    "isTemplate": false,
    "count": 0,
    "updated": 1531140741
  },
  {
    "id": "9444ddbf-3688-4b3a-926b-ae9ecb9e7156",
    "data": [
      {
        "text": "start",
        "userDefined": false
      }
    ],
    "isTemplate": false,
    "count": 0,
    "updated": 1531140641
  }
]