[
  {
    "id": "e02e010e-1243-4fce-a7e4-b075f00fcfcc",
    "data": [
      {
        "text": "need information",
        "userDefined": false
      }
    ],
    "isTemplate": false,
    "count": 0,
    "updated": 1531315237
  },
  {
    "id": "06977c12-5e60-4bea-b189-0d31b827d313",
    "data": [
      {
        "text": "email",
        "userDefined": false
      }
    ],
    "isTemplate": false,
    "count": 0,
    "updated": 1535979142
  },
  {
    "id": "10194712-360f-48d5-b57d-679b797adff4",
    "data": [
      {
        "text": "help",
        "userDefined": false
      }
    ],
    "isTemplate": false,
    "count": 0,
    "updated": 1531315237
  },
  {
    "id": "4a61200e-0c49-4bf6-87cf-66f467fa17f5",
    "data": [
      {
        "text": "Want to send  message to support",
        "userDefined": false
      }
    ],
    "isTemplate": false,
    "count": 0,
    "updated": 1531315237
  },
  {
    "id": "4e59fdbe-1d6f-4f51-9996-0b40d1e1aeb2",
    "data": [
      {
        "text": "call",
        "userDefined": false
      }
    ],
    "isTemplate": false,
    "count": 0,
    "updated": 1531315237
  },
  {
    "id": "18a527d5-b632-4f68-a7af-08cd57c77553",
    "data": [
      {
        "text": "helpdesk",
        "userDefined": false
      }
    ],
    "isTemplate": false,
    "count": 0,
    "updated": 1531315237
  },
  {
    "id": "339adb9d-9796-4d3d-baa3-071e63c237ae",
    "data": [
      {
        "text": "business location",
        "userDefined": false
      }
    ],
    "isTemplate": false,
    "count": 0,
    "updated": 1531315237
  },
  {
    "id": "1e25d3cf-4f6f-4a14-9999-ce460e4f8a3a",
    "data": [
      {
        "text": "call me back",
        "userDefined": false
      }
    ],
    "isTemplate": false,
    "count": 0,
    "updated": 1531315237
  },
  {
    "id": "0a1fdd75-28e7-4f23-9d97-4d1f2cbcb3bc",
    "data": [
      {
        "text": "feedback for you",
        "userDefined": false
      }
    ],
    "isTemplate": false,
    "count": 0,
    "updated": 1531315237
  },
  {
    "id": "02964574-a4ea-4b7d-9f1b-a68b4c72238f",
    "data": [
      {
        "text": "shipping information",
        "userDefined": false
      }
    ],
    "isTemplate": false,
    "count": 0,
    "updated": 1531315237
  },
  {
    "id": "dbf8fba5-3cfe-435c-a389-e64db1c680f7",
    "data": [
      {
        "text": "I have some feedback",
        "userDefined": false
      }
    ],
    "isTemplate": false,
    "count": 0,
    "updated": 1531315237
  },
  {
    "id": "263d39f8-3ae4-4a65-b0e9-cdbf03de4d2f",
    "data": [
      {
        "text": "phone call",
        "userDefined": false
      }
    ],
    "isTemplate": false,
    "count": 0,
    "updated": 1531315237
  },
  {
    "id": "6030fcb5-7ce0-4f5a-8a2f-8d5dbf0bba8a",
    "data": [
      {
        "text": "shipping cost",
        "userDefined": false
      }
    ],
    "isTemplate": false,
    "count": 0,
    "updated": 1531315237
  },
  {
    "id": "ec8a789e-62f5-4d1c-8015-d5e47a527255",
    "data": [
      {
        "text": "how to contact you?",
        "userDefined": false
      }
    ],
    "isTemplate": false,
    "count": 0,
    "updated": 1535979142
  },
  {
    "id": "08cf718e-96a4-4cc1-be12-b0996581f77d",
    "data": [
      {
        "text": "support asistance",
        "userDefined": false
      }
    ],
    "isTemplate": false,
    "count": 0,
    "updated": 1531315237
  },
  {
    "id": "a4d5d83b-110e-4cb4-b094-58205602407f",
    "data": [
      {
        "text": "I want to contact with support",
        "userDefined": false
      }
    ],
    "isTemplate": false,
    "count": 0,
    "updated": 1531315237
  },
  {
    "id": "a919470d-9043-4ab4-aa5d-f6f5c7539465",
    "data": [
      {
        "text": "send email",
        "userDefined": false
      }
    ],
    "isTemplate": false,
    "count": 0,
    "updated": 1535979142
  },
  {
    "id": "372ca7e3-dd02-487e-a177-3c0e0dcdbd8d",
    "data": [
      {
        "text": "need help",
        "userDefined": false
      }
    ],
    "isTemplate": false,
    "count": 1,
    "updated": 1531315237
  },
  {
    "id": "d82ed60c-48cd-4196-a752-b68d863df339",
    "data": [
      {
        "text": "I am looking for customer support",
        "userDefined": false
      }
    ],
    "isTemplate": false,
    "count": 0,
    "updated": 1531315237
  },
  {
    "id": "1dad429f-bd8c-445e-ab50-864b1bbe0b2a",
    "data": [
      {
        "text": "help me",
        "userDefined": false
      }
    ],
    "isTemplate": false,
    "count": 0,
    "updated": 1531315237
  },
  {
    "id": "c4892894-ee26-40e5-99a8-190986dcf639",
    "data": [
      {
        "text": "need support",
        "userDefined": false
      }
    ],
    "isTemplate": false,
    "count": 0,
    "updated": 1531315237
  },
  {
    "id": "2b1e09c7-7e93-4438-884c-0e152ce0f0dc",
    "data": [
      {
        "text": "I need some help",
        "userDefined": false
      }
    ],
    "isTemplate": false,
    "count": 0,
    "updated": 1531315237
  },
  {
    "id": "a06a8c98-6fa2-4d59-8109-db6314447d94",
    "data": [
      {
        "text": "support help desk",
        "userDefined": false
      }
    ],
    "isTemplate": false,
    "count": 0,
    "updated": 1531315237
  },
  {
    "id": "8f32fcf6-3455-4658-ad4e-d98737a54c00",
    "data": [
      {
        "text": "How to contact with admin",
        "userDefined": false
      }
    ],
    "isTemplate": false,
    "count": 0,
    "updated": 1531315237
  },
  {
    "id": "3dfed0b7-34ff-4eb3-987b-27c080aa2517",
    "data": [
      {
        "text": "Want to contact with a support person",
        "userDefined": false
      }
    ],
    "isTemplate": false,
    "count": 0,
    "updated": 1531315237
  },
  {
    "id": "10c648b4-dc05-4fb3-b7f7-ee10ebf99adf",
    "data": [
      {
        "text": "please help",
        "userDefined": false
      }
    ],
    "isTemplate": false,
    "count": 0,
    "updated": 1531315237
  },
  {
    "id": "45cceb4f-121c-4f80-9a6a-65a87fff2cd4",
    "data": [
      {
        "text": "need refund",
        "userDefined": false
      }
    ],
    "isTemplate": false,
    "count": 0,
    "updated": 1531315237
  },
  {
    "id": "87954756-aa34-4ebd-8bc2-fc5f8f4d2d91",
    "data": [
      {
        "text": "contact you",
        "userDefined": false
      }
    ],
    "isTemplate": false,
    "count": 0,
    "updated": 1531315237
  }
]