[
  {
    "id": "a2a296e6-a774-4248-89af-50443a330d7e",
    "data": [
      {
        "text": "Will WP Bot work with my theme?",
        "userDefined": false
      }
    ],
    "isTemplate": false,
    "count": 0,
    "updated": 1539890392
  },
  {
    "id": "21c40ab3-5a4c-4c5f-a4e9-d9dee0db4575",
    "data": [
      {
        "text": "Will simple link directory work with my theme?",
        "userDefined": false
      }
    ],
    "isTemplate": false,
    "count": 0,
    "updated": 1539890392
  },
  {
    "id": "99607117-00c7-4fd3-a811-351acd63d9d6",
    "data": [
      {
        "text": "Will your plugin work with my theme?",
        "userDefined": false
      }
    ],
    "isTemplate": false,
    "count": 0,
    "updated": 1539890392
  }
]